{
  "baseName" : "Arducam OV9281 USB Camera",
  "uniqueName" : "Arducam_OV9281_USB_Camera",
  "nickname" : "Arducam_OV9281_USB_Camera",
  "FOV" : 70.0,
  "path" : "\\\\?\\usb#vid_0c45&pid_6366&mi_00#6&2355927a&0&0000#{e5323777-f976-4f5b-9b55-b94699c46e44}\\global",
  "cameraType" : "UsbCamera",
  "currentPipelineIndex" : -1,
  "calibrations" : [ {
    "resolution" : {
      "width" : 1280.0,
      "height" : 800.0
    },
    "cameraIntrinsics" : {
      "rows" : 3,
      "cols" : 3,
      "type" : 6,
      "data" : [ 895.8200746940399, 0.0, 606.9312442554203, 0.0, 896.0099429668128, 429.7893141746399, 0.0, 0.0, 1.0 ]
    },
    "cameraExtrinsics" : {
      "rows" : 1,
      "cols" : 5,
      "type" : 6,
      "data" : [ 0.05764534262882949, 0.003610109084437395, 0.00811233388283707, 8.426345565186538E-4, -0.09763493155282553 ]
    },
    "perViewErrors" : [ 0.49548082383005376, 0.6020868776547655, 0.6763567855898933, 0.23744768400257177, 0.5813449930287353, 0.7021518446147098, 0.3055997282671751, 0.34937511707698327, 0.3439514898262227, 0.24426070712368558, 0.17944083643474515, 0.281940219207507, 1.0063868854216707 ],
    "standardDeviation" : 0.23140765772756103
  }, {
    "resolution" : {
      "width" : 320.0,
      "height" : 240.0
    },
    "cameraIntrinsics" : {
      "rows" : 3,
      "cols" : 3,
      "type" : 6,
      "data" : [ 296.44267434311075, 0.0, 169.21051240821615, 0.0, 295.7847020388527, 128.4561368210444, 0.0, 0.0, 1.0 ]
    },
    "cameraExtrinsics" : {
      "rows" : 1,
      "cols" : 5,
      "type" : 6,
      "data" : [ -0.017502652043026708, 1.2096778110594917, 0.005570614537135323, 0.020343391703670288, -2.793538205426739 ]
    },
    "perViewErrors" : [ 0.6408770926685, 1.4743073351922498, 1.2508096359267065, 0.9182379545683509, 1.5069519610087045, 0.49629437311576685, 0.5063112688007039, 0.446292158877311, 0.620025695484998, 0.595661198133089, 0.4717516613576278, 0.7173722708306391 ],
    "standardDeviation" : 0.3751835082700943
  } ],
  "streamIndex" : 0
}